<?xml version="1.0" encoding="UTF-8" standalone="yes"?>
<addon id="script.submerge" name="Submerge" version="1.0.0" provider-name="MattRangel">
	<requires>
		<import addon="xbmc.python" version="3.0.0"/>
		<import addon="script.module.chardet" version="4.0.0"/>
	</requires>
	<extension point="xbmc.python.script" library="addon.py">
		<provides>executable</provides>
	</extension>
	<extension point="xbmc.addon.metadata">
		<platform>all</platform>
		<summary lang="en">Merge subtitles files</summary>
		<description lang="en">Combines two SRT files allowing for dual language subtitles.</description>
		<license>GNU General Public License, v2</license>
		<assets>
			<icon>icon.png</icon>
			<fanart>fanart.png</fanart>
			<screenshot>resources/screenshot-01.jpg</screenshot>
			<screenshot>resources/screenshot-02.jpg</screenshot>
			<screenshot>resources/screenshot-03.jpg</screenshot>
		</assets>
	</extension>
</addon>
