<?xml version="1.0" encoding="UTF-8" standalone="yes"?>
<addon id="repository.mattrangel" name="MattRangel Repository" version="1.0.0" provider-name="MattRangel">
    <extension point="xbmc.addon.repository" name="Example Repository">
        <dir>
            <info compressed="false">https://raw.githubusercontent.com/MattRangel/repository.mattrangel/master/repo/zips/addons.xml</info>
            <checksum>https://raw.githubusercontent.com/MattRangel/repository.mattrangel/master/repo/zips/addons.xml.md5</checksum>
            <datadir zip="true">https://raw.githubusercontent.com/MattRangel/repository.mattrangel/master/repo/zips/</datadir>
        </dir>
    </extension>
    <extension point="xbmc.addon.metadata">
        <summary>MattRangel Add-ons</summary>
        <description>Add-ons made by Matt Rangel</description>
        <disclaimer></disclaimer>
        <platform>all</platform>
        <assets>
            <icon>icon.png</icon>
            <fanart>fanart.jpg</fanart>
        </assets>
    </extension>
</addon>